[報牌] 高雄539,0,Thu Apr 18 16:13:57 2024
[報牌] 享受輸的感覺539,10,Thu Apr 18 17:35:18 2024
[討論] 2024.04.18 開獎結果,4,Fri Apr 19 08:11:52 2024
[報牌] 享受輸的感覺539,4,Fri Apr 19 12:38:29 2024
[報牌] 虎斑法鬥 39 二合,0,Fri Apr 19 13:45:47 2024
[報牌] 39樂合,0,Fri Apr 19 17:13:25 2024
[公告] 樂透版版規 2016.08.21,16,Sun Aug 21 23:14:10 2016
Re: [閒聊] 刮刮樂機率分析彙整,1,Wed Feb 21 23:20:51 2024
[報牌] 高雄539,0,Thu Apr 18 16:13:57 2024
[報牌] 享受輸的感覺539,10,Thu Apr 18 17:35:18 2024
[討論] 2024.04.18 開獎結果,4,Fri Apr 19 08:11:52 2024
[報牌] 享受輸的感覺539,4,Fri Apr 19 12:38:29 2024
[報牌] 虎斑法鬥 39 二合,0,Fri Apr 19 13:45:47 2024
[報牌] 39樂合,0,Fri Apr 19 17:13:25 2024
[公告] 樂透版版規 2016.08.21,16,Sun Aug 21 23:14:10 2016
Re: [閒聊] 刮刮樂機率分析彙整,1,Wed Feb 21 23:20:51 2024
[報牌] 高雄539,0,Thu Apr 18 16:13:57 2024
[報牌] 享受輸的感覺539,10,Thu Apr 18 17:35:18 2024
[討論] 2024.04.18 開獎結果,4,Fri Apr 19 08:11:52 2024
[報牌] 享受輸的感覺539,4,Fri Apr 19 12:38:29 2024
[報牌] 虎斑法鬥 39 二合,0,Fri Apr 19 13:45:47 2024
[報牌] 39樂合,0,Fri Apr 19 17:13:25 2024
[公告] 樂透版版規 2016.08.21,16,Sun Aug 21 23:14:10 2016
Re: [閒聊] 刮刮樂機率分析彙整,1,Wed Feb 21 23:20:51 2024
